Number of Points,50,100,200
5000,0.6001360416412354,1.014228105545044,2.6155879497528076
80000,8.671947717666626,15.765543937683105,36.57322025299072
320000,34.731807231903076,60.82867455482483,144.41146326065063
