Number of Points,50,100,200
5000,1.3257005214691162,2.3067054748535156,7.738739728927612
80000,14.793038606643677,35.55435657501221,120.18893647193909
320000,58.669615268707275,140.26949191093445,471.76689648628235
